velt_name,kind,month,month_name
aardappel,vegetable,1,januari
aardappel,vegetable,2,februari
aardappel,vegetable,3,maart
aardappel,vegetable,4,april
aardappel,vegetable,5,mei
aardappel,vegetable,6,juni
aardappel,vegetable,7,juli
aardappel,vegetable,8,augustus
aardappel,vegetable,9,september
aardappel,vegetable,10,oktober
aardappel,vegetable,11,november
aardappel,vegetable,12,december
aardbei,fruit,4,april
aardbei,fruit,5,mei
aardbei,fruit,6,juni
aardbei,fruit,7,juli
aardbei,fruit,8,augustus
aardpeer,vegetable,1,januari
aardpeer,vegetable,11,november
aardpeer,vegetable,12,december
abrikoos,fruit,6,juni
abrikoos,fruit,7,juli
abrikoos,fruit,8,augustus
andijvie,vegetable,4,april
andijvie,vegetable,5,mei
andijvie,vegetable,6,juni
andijvie,vegetable,7,juli
andijvie,vegetable,8,augustus
andijvie,vegetable,9,september
andijvie,vegetable,10,oktober
andijvie,vegetable,11,november
andijvie,vegetable,12,december
appel,fruit,1,januari
appel,fruit,2,februari
appel,fruit,3,maart
appel,fruit,8,augustus
appel,fruit,9,september
appel,fruit,10,oktober
appel,fruit,11,november
appel,fruit,12,december
artisjok,vegetable,6,juni
artisjok,vegetable,7,juli
artisjok,vegetable,8,augustus
artisjok,vegetable,9,september
artisjok,vegetable,10,oktober
asperge,vegetable,5,mei
asperge,vegetable,6,juni
aubergine,vegetable,7,juli
aubergine,vegetable,8,augustus
aubergine,vegetable,9,september
aubergine,vegetable,10,oktober
blauwe bes,fruit,6,juni
blauwe bes,fruit,7,juli
blauwe bes,fruit,8,augustus
blauwe bes,fruit,9,september
bleekselderij,vegetable,7,juli
bleekselderij,vegetable,8,augustus
bleekselderij,vegetable,9,september
bleekselderij,vegetable,10,oktober
bleekselderij,vegetable,11,november
bloemkool,vegetable,3,maart
bloemkool,vegetable,4,april
bloemkool,vegetable,5,mei
bloemkool,vegetable,6,juni
bloemkool,vegetable,7,juli
bloemkool,vegetable,8,augustus
bloemkool,vegetable,9,september
bloemkool,vegetable,10,oktober
bloemkool,vegetable,11,november
boerenkool,vegetable,1,januari
boerenkool,vegetable,2,februari
boerenkool,vegetable,3,maart
boerenkool,vegetable,10,oktober
boerenkool,vegetable,11,november
boerenkool,vegetable,12,december
braam,fruit,7,juli
braam,fruit,8,augustus
braam,fruit,9,september
braam,fruit,10,oktober
broccoli,vegetable,6,juni
broccoli,vegetable,7,juli
broccoli,vegetable,8,augustus
broccoli,vegetable,9,september
broccoli,vegetable,10,oktober
broccoli,vegetable,11,november
chinese kool,vegetable,7,juli
chinese kool,vegetable,8,augustus
chinese kool,vegetable,9,september
chinese kool,vegetable,10,oktober
chinese kool,vegetable,11,november
courgette,vegetable,7,juli
courgette,vegetable,8,augustus
courgette,vegetable,9,september
courgette,vegetable,10,oktober
courgette,vegetable,11,november
doperwt,vegetable,5,mei
doperwt,vegetable,6,juni
doperwt,vegetable,7,juli
druif,fruit,8,augustus
druif,fruit,9,september
druif,fruit,10,oktober
druif,fruit,11,november
framboos,fruit,6,juni
framboos,fruit,7,juli
framboos,fruit,8,augustus
framboos,fruit,9,september
framboos,fruit,10,oktober
groene selderij,vegetable,1,januari
groene selderij,vegetable,2,februari
groene selderij,vegetable,3,maart
groene selderij,vegetable,4,april
groene selderij,vegetable,5,mei
groene selderij,vegetable,6,juni
groene selderij,vegetable,7,juli
groene selderij,vegetable,8,augustus
groene selderij,vegetable,9,september
groene selderij,vegetable,10,oktober
groene selderij,vegetable,11,november
groene selderij,vegetable,12,december
kers,fruit,6,juni
kers,fruit,7,juli
kers,fruit,8,augustus
kiwibes,fruit,9,september
kiwibes,fruit,10,oktober
knolselderij,vegetable,1,januari
knolselderij,vegetable,2,februari
knolselderij,vegetable,3,maart
knolselderij,vegetable,8,augustus
knolselderij,vegetable,9,september
knolselderij,vegetable,10,oktober
knolselderij,vegetable,11,november
knolselderij,vegetable,12,december
komkommer,vegetable,7,juli
komkommer,vegetable,8,augustus
komkommer,vegetable,9,september
komkommer,vegetable,10,oktober
koolraap,vegetable,1,januari
koolraap,vegetable,11,november
koolraap,vegetable,12,december
koolrabi,vegetable,5,mei
koolrabi,vegetable,6,juni
koolrabi,vegetable,7,juli
koolrabi,vegetable,8,augustus
koolrabi,vegetable,9,september
koolrabi,vegetable,10,oktober
kropsla,vegetable,5,mei
kropsla,vegetable,6,juni
kropsla,vegetable,7,juli
kropsla,vegetable,8,augustus
kropsla,vegetable,9,september
kropsla,vegetable,10,oktober
mais,vegetable,8,augustus
mais,vegetable,9,september
meloen,fruit,8,augustus
meloen,fruit,9,september
meloen,fruit,10,oktober
meloen,fruit,11,november
nectarine,fruit,6,juni
nectarine,fruit,7,juli
nectarine,fruit,8,augustus
nectarine,fruit,9,september
paddenstoelen,vegetable,1,januari
paddenstoelen,vegetable,2,februari
paddenstoelen,vegetable,3,maart
paddenstoelen,vegetable,4,april
paddenstoelen,vegetable,5,mei
paddenstoelen,vegetable,6,juni
paddenstoelen,vegetable,7,juli
paddenstoelen,vegetable,8,augustus
paddenstoelen,vegetable,9,september
paddenstoelen,vegetable,10,oktober
paddenstoelen,vegetable,11,november
paddenstoelen,vegetable,12,december
paksoi,vegetable,4,april
paksoi,vegetable,5,mei
paksoi,vegetable,6,juni
paksoi,vegetable,7,juli
paksoi,vegetable,8,augustus
paksoi,vegetable,9,september
paksoi,vegetable,10,oktober
paprika,vegetable,7,juli
paprika,vegetable,8,augustus
paprika,vegetable,9,september
paprika,vegetable,10,oktober
pastinaak,vegetable,1,januari
pastinaak,vegetable,2,februari
pastinaak,vegetable,3,maart
pastinaak,vegetable,10,oktober
pastinaak,vegetable,11,november
pastinaak,vegetable,12,december
peer,fruit,1,januari
peer,fruit,2,februari
peer,fruit,8,augustus
peer,fruit,9,september
peer,fruit,10,oktober
peer,fruit,11,november
peer,fruit,12,december
perzik,fruit,6,juni
perzik,fruit,7,juli
perzik,fruit,8,augustus
perzik,fruit,9,september
peultjes,vegetable,5,mei
peultjes,vegetable,6,juni
peultjes,vegetable,7,juli
pompoen,vegetable,1,januari
pompoen,vegetable,2,februari
pompoen,vegetable,3,maart
pompoen,vegetable,4,april
pompoen,vegetable,8,augustus
pompoen,vegetable,9,september
pompoen,vegetable,10,oktober
pompoen,vegetable,11,november
pompoen,vegetable,12,december
prei,vegetable,1,januari
prei,vegetable,2,februari
prei,vegetable,3,maart
prei,vegetable,4,april
prei,vegetable,5,mei
prei,vegetable,6,juni
prei,vegetable,7,juli
prei,vegetable,8,augustus
prei,vegetable,9,september
prei,vegetable,10,oktober
prei,vegetable,11,november
prei,vegetable,12,december
prinsessenboon,vegetable,6,juni
prinsessenboon,vegetable,7,juli
prinsessenboon,vegetable,8,augustus
prinsessenboon,vegetable,9,september
prinsessenboon,vegetable,10,oktober
pruim,fruit,8,augustus
pruim,fruit,9,september
raap,vegetable,1,januari
raap,vegetable,2,februari
raap,vegetable,3,maart
raap,vegetable,4,april
raap,vegetable,5,mei
raap,vegetable,6,juni
raap,vegetable,11,november
raap,vegetable,12,december
raapsteel,vegetable,4,april
raapsteel,vegetable,5,mei
raapsteel,vegetable,8,augustus
raapsteel,vegetable,9,september
raapsteel,vegetable,10,oktober
rabarber,fruit,3,maart
rabarber,fruit,4,april
rabarber,fruit,5,mei
rabarber,fruit,6,juni
rabarber,fruit,7,juli
radijs,vegetable,3,maart
radijs,vegetable,4,april
radijs,vegetable,5,mei
radijs,vegetable,6,juni
radijs,vegetable,7,juli
radijs,vegetable,8,augustus
radijs,vegetable,9,september
radijs,vegetable,10,oktober
rammenas,vegetable,1,januari
rammenas,vegetable,2,februari
rammenas,vegetable,3,maart
rammenas,vegetable,9,september
rammenas,vegetable,10,oktober
rammenas,vegetable,11,november
rammenas,vegetable,12,december
rode bes,fruit,6,juni
rode bes,fruit,7,juli
rode biet,vegetable,1,januari
rode biet,vegetable,2,februari
rode biet,vegetable,3,maart
rode biet,vegetable,4,april
rode biet,vegetable,5,mei
rode biet,vegetable,6,juni
rode biet,vegetable,7,juli
rode biet,vegetable,8,augustus
rode biet,vegetable,9,september
rode biet,vegetable,10,oktober
rode biet,vegetable,11,november
rode biet,vegetable,12,december
rodekool,vegetable,1,januari
rodekool,vegetable,2,februari
rodekool,vegetable,3,maart
rodekool,vegetable,7,juli
rodekool,vegetable,8,augustus
rodekool,vegetable,9,september
rodekool,vegetable,10,oktober
rodekool,vegetable,11,november
rodekool,vegetable,12,december
roodlof,vegetable,3,maart
roodlof,vegetable,4,april
roodlof,vegetable,5,mei
roodlof,vegetable,10,oktober
savooikool,vegetable,1,januari
savooikool,vegetable,2,februari
savooikool,vegetable,3,maart
savooikool,vegetable,6,juni
savooikool,vegetable,7,juli
savooikool,vegetable,8,augustus
savooikool,vegetable,9,september
savooikool,vegetable,10,oktober
savooikool,vegetable,11,november
savooikool,vegetable,12,december
schorseneer,vegetable,1,januari
schorseneer,vegetable,2,februari
schorseneer,vegetable,3,maart
schorseneer,vegetable,10,oktober
schorseneer,vegetable,11,november
schorseneer,vegetable,12,december
snijboon,vegetable,7,juli
snijboon,vegetable,8,augustus
snijboon,vegetable,9,september
snijboon,vegetable,10,oktober
spinazie,vegetable,3,maart
spinazie,vegetable,4,april
spinazie,vegetable,5,mei
spinazie,vegetable,6,juni
spinazie,vegetable,7,juli
spinazie,vegetable,8,augustus
spinazie,vegetable,9,september
spinazie,vegetable,10,oktober
spitskool,vegetable,5,mei
spitskool,vegetable,6,juni
spitskool,vegetable,7,juli
spitskool,vegetable,8,augustus
spitskool,vegetable,9,september
spitskool,vegetable,10,oktober
spruiten,vegetable,1,januari
spruiten,vegetable,2,februari
spruiten,vegetable,3,maart
spruiten,vegetable,10,oktober
spruiten,vegetable,11,november
spruiten,vegetable,12,december
tomaat,vegetable,6,juni
tomaat,vegetable,7,juli
tomaat,vegetable,8,augustus
tomaat,vegetable,9,september
tomaat,vegetable,10,oktober
tuinboon,vegetable,6,juni
tuinboon,vegetable,7,juli
ui,vegetable,1,januari
ui,vegetable,2,februari
ui,vegetable,3,maart
ui,vegetable,4,april
ui,vegetable,5,mei
ui,vegetable,6,juni
ui,vegetable,7,juli
ui,vegetable,8,augustus
ui,vegetable,9,september
ui,vegetable,10,oktober
ui,vegetable,11,november
ui,vegetable,12,december
veldsla,vegetable,1,januari
veldsla,vegetable,2,februari
veldsla,vegetable,3,maart
veldsla,vegetable,10,oktober
veldsla,vegetable,11,november
veldsla,vegetable,12,december
venkel,vegetable,6,juni
venkel,vegetable,7,juli
venkel,vegetable,8,augustus
venkel,vegetable,9,september
venkel,vegetable,10,oktober
venkel,vegetable,11,november
vijg,fruit,8,augustus
vijg,fruit,9,september
warmoes,vegetable,3,maart
warmoes,vegetable,4,april
warmoes,vegetable,5,mei
warmoes,vegetable,6,juni
warmoes,vegetable,7,juli
warmoes,vegetable,8,augustus
warmoes,vegetable,9,september
warmoes,vegetable,10,oktober
warmoes,vegetable,11,november
waterkers,vegetable,1,januari
waterkers,vegetable,4,april
waterkers,vegetable,5,mei
waterkers,vegetable,6,juni
waterkers,vegetable,7,juli
waterkers,vegetable,8,augustus
waterkers,vegetable,9,september
waterkers,vegetable,10,oktober
waterkers,vegetable,11,november
waterkers,vegetable,12,december
winterpostelein,vegetable,1,januari
winterpostelein,vegetable,2,februari
winterpostelein,vegetable,3,maart
winterpostelein,vegetable,10,oktober
winterpostelein,vegetable,11,november
winterpostelein,vegetable,12,december
witlof,vegetable,1,januari
witlof,vegetable,2,februari
witlof,vegetable,3,maart
witlof,vegetable,4,april
witlof,vegetable,10,oktober
witlof,vegetable,11,november
witlof,vegetable,12,december
wittekool,vegetable,1,januari
wittekool,vegetable,2,februari
wittekool,vegetable,3,maart
wittekool,vegetable,7,juli
wittekool,vegetable,8,augustus
wittekool,vegetable,9,september
wittekool,vegetable,10,oktober
wittekool,vegetable,11,november
wittekool,vegetable,12,december
wortel,vegetable,1,januari
wortel,vegetable,2,februari
wortel,vegetable,3,maart
wortel,vegetable,4,april
wortel,vegetable,5,mei
wortel,vegetable,6,juni
wortel,vegetable,7,juli
wortel,vegetable,8,augustus
wortel,vegetable,9,september
wortel,vegetable,10,oktober
wortel,vegetable,11,november
wortel,vegetable,12,december
zwarte bes,fruit,6,juni
zwarte bes,fruit,7,juli
zwarte bes,fruit,8,augustus
